Round,Duration_Seconds,Diff_Value
1,45.1265,0.2296373679
2,42.3513,0.0956994153
3,42.3742,0.0380459946
4,42.0728,0.0151226856
5,42.2581,0.0061947102
6,42.5205,0.0026017575
7,42.0024,0.0011087089
8,42.1481,0.0004802629
9,42.8159,0.0002118805
10,42.4037,0.0000952857
11,41.8551,0.0000440038
12,42.2382,0.0000210589
13,42.1511,0.0000105528
14,42.1788,0.0000055972
15,42.4518,0.0000031753
16,42.2419,0.0000019418
17,41.8227,0.0000012784
18,42.4146,0.0000008988
